
[
{"id":"1","acad_year":"2023-2024","term_1_start":"2023-09-01","term_1_end":"2023-12-20","term_2_start":"2024-01-15","term_2_end":"2024-04-30","term_3_start":"2024-05-15","term_3_end":"2024-08-20","created_at":"2024-03-20 17:30:06","updated_at":"2024-03-20 17:30:06"},
{"id":"2","acad_year":"2024-2025","term_1_start":"2024-09-01","term_1_end":"2024-12-20","term_2_start":"2025-01-15","term_2_end":"2025-04-30","term_3_start":"2025-05-15","term_3_end":"2025-08-20","created_at":"2024-03-20 17:30:06","updated_at":"2024-03-20 17:30:06"},
{"id":"3","acad_year":"2025-2026","term_1_start":"2025-09-01","term_1_end":"2025-12-20","term_2_start":"2026-01-15","term_2_end":"2026-04-30","term_3_start":"2026-05-15","term_3_end":"2026-08-20","created_at":"2024-03-21 12:19:14","updated_at":"2024-03-21 12:19:14"},
{"id":"4","acad_year":"2026-2027","term_1_start":"2026-09-01","term_1_end":"2026-12-20","term_2_start":"2027-01-16","term_2_end":"2027-04-30","term_3_start":"2027-05-15","term_3_end":"2027-08-20","created_at":"2024-03-21 12:21:37","updated_at":"2024-03-21 12:21:37"},
{"id":"5","acad_year":"2027-2028","term_1_start":"2027-09-01","term_1_end":"2027-12-20","term_2_start":"2028-01-15","term_2_end":"2028-04-30","term_3_start":"2028-05-15","term_3_end":"2028-08-20","created_at":"2024-03-21 12:25:44","updated_at":"2024-03-21 12:25:44"},
{"id":"6","acad_year":"2028-2029","term_1_start":"2028-09-04","term_1_end":"2028-12-16","term_2_start":"2029-01-01","term_2_end":"2029-04-28","term_3_start":"2029-05-07","term_3_end":"2029-08-25","created_at":"2024-03-21 12:27:35","updated_at":"2024-03-21 12:27:35"}
]
