[
    {
      "enrollment_id": 1,
      "subject_id": 10,
      "sec_sub_id": 7,
      "final_grade": null,
      "created_at": "2024-03-20 15:07:54",
      "updated_at": "2024-03-20 15:07:54",
      "enrolledSubject_code": "1234-5678_2023-2024_2_1_PE2",
      "remarks": "No Remarks"
    },
    {
      "enrollment_id": 1,
      "subject_id": 9,
      "sec_sub_id": 6,
      "final_grade": null,
      "created_at": "2024-03-20 15:07:54",
      "updated_at": "2024-03-20 15:07:54",
      "enrolledSubject_code": "1234-5678_2023-2024_2_1_NSTP2",
      "remarks": "No Remarks"
    },
    {
      "enrollment_id": 1,
      "subject_id": 11,
      "sec_sub_id": 5,
      "final_grade": null,
      "created_at": "2024-03-20 15:07:54",
      "updated_at": "2024-03-20 15:07:54",
      "enrolledSubject_code": "1234-5678_2023-2024_2_1_ITE122",
      "remarks": "No Remarks"
    },
    {
      "enrollment_id": 1,
      "subject_id": 8,
      "sec_sub_id": 3,
      "final_grade": null,
      "created_at": "2024-03-20 15:07:54",
      "updated_at": "2024-03-20 15:07:54",
      "enrolledSubject_code": "1234-5678_2023-2024_2_1_GE124",
      "remarks": "No Remarks"
    },
    {
      "enrollment_id": 1,
      "subject_id": 13,
      "sec_sub_id": 2,
      "final_grade": null,
      "created_at": "2024-03-20 15:07:54",
      "updated_at": "2024-03-20 15:07:54",
      "enrolledSubject_code": "1234-5678_2023-2024_2_1_CSP123",
      "remarks": "No Remarks"
    },
    {
      "enrollment_id": 1,
      "subject_id": 12,
      "sec_sub_id": 1,
      "final_grade": null,
      "created_at": "2024-03-20 15:07:54",
      "updated_at": "2024-03-20 15:07:54",
      "enrolledSubject_code": "1234-5678_2023-2024_2_1_CSP122",
      "remarks": "No Remarks"
    }
]
  