[
{"en_subjects_id":"1","enrollment_id":"1","subject_id":"10","sec_sub_id":"7","final_grade":"1.50","created_at":"2024-03-20 15:07:54","updated_at":"2024-03-21 22:16:33","enrolledSubject_code":"1234-5678_2023-2024_2_1_PE2","remarks":"passed"},
{"en_subjects_id":"2","enrollment_id":"1","subject_id":"9","sec_sub_id":"6","final_grade":"5.00","created_at":"2024-03-20 15:07:54","updated_at":"2024-03-21 22:16:33","enrolledSubject_code":"1234-5678_2023-2024_2_1_NSTP2","remarks":"failed"},
{"en_subjects_id":"3","enrollment_id":"1","subject_id":"11","sec_sub_id":"5","final_grade":"2.00","created_at":"2024-03-20 15:07:54","updated_at":"2024-03-21 22:16:33","enrolledSubject_code":"1234-5678_2023-2024_2_1_ITE122","remarks":"passed"},
{"en_subjects_id":"4","enrollment_id":"1","subject_id":"8","sec_sub_id":"3","final_grade":"1.40","created_at":"2024-03-20 15:07:54","updated_at":"2024-03-21 22:16:33","enrolledSubject_code":"1234-5678_2023-2024_2_1_GE124","remarks":"passed"},
{"en_subjects_id":"5","enrollment_id":"1","subject_id":"13","sec_sub_id":"2","final_grade":"1.00","created_at":"2024-03-20 15:07:54","updated_at":"2024-03-21 22:16:33","enrolledSubject_code":"1234-5678_2023-2024_2_1_CSP123","remarks":"passed"},
{"en_subjects_id":"6","enrollment_id":"1","subject_id":"12","sec_sub_id":"1","final_grade":"1.50","created_at":"2024-03-20 15:07:54","updated_at":"2024-03-21 22:16:33","enrolledSubject_code":"1234-5678_2023-2024_2_1_CSP122","remarks":"passed"},
{"en_subjects_id":"7","enrollment_id":"2","subject_id":"10","sec_sub_id":"7","final_grade":null,"created_at":"2024-03-21 15:54:49","updated_at":"2024-03-21 15:54:49","enrolledSubject_code":"2345-6789_2023-2024_2_1_PE2","remarks":null},
{"en_subjects_id":"8","enrollment_id":"2","subject_id":"9","sec_sub_id":"6","final_grade":null,"created_at":"2024-03-21 15:54:49","updated_at":"2024-03-21 15:54:49","enrolledSubject_code":"2345-6789_2023-2024_2_1_NSTP2","remarks":null},
{"en_subjects_id":"9","enrollment_id":"2","subject_id":"11","sec_sub_id":"5","final_grade":null,"created_at":"2024-03-21 15:54:49","updated_at":"2024-03-21 15:54:49","enrolledSubject_code":"2345-6789_2023-2024_2_1_ITE122","remarks":null},
{"en_subjects_id":"10","enrollment_id":"2","subject_id":"8","sec_sub_id":"3","final_grade":null,"created_at":"2024-03-21 15:54:49","updated_at":"2024-03-21 15:54:49","enrolledSubject_code":"2345-6789_2023-2024_2_1_GE124","remarks":null},
{"en_subjects_id":"11","enrollment_id":"2","subject_id":"13","sec_sub_id":"2","final_grade":null,"created_at":"2024-03-21 15:54:49","updated_at":"2024-03-21 15:54:49","enrolledSubject_code":"2345-6789_2023-2024_2_1_CSP123","remarks":null},
{"en_subjects_id":"12","enrollment_id":"2","subject_id":"12","sec_sub_id":"1","final_grade":null,"created_at":"2024-03-21 15:54:49","updated_at":"2024-03-21 15:54:49","enrolledSubject_code":"2345-6789_2023-2024_2_1_CSP122","remarks":null},
{"en_subjects_id":"13","enrollment_id":"3","subject_id":"5","sec_sub_id":"15","final_grade":null,"created_at":"2024-03-21 22:02:04","updated_at":"2024-03-21 22:02:04","enrolledSubject_code":"2345-6789_2023-2024_1_1_PE1","remarks":null},
{"en_subjects_id":"14","enrollment_id":"3","subject_id":"4","sec_sub_id":"14","final_grade":null,"created_at":"2024-03-21 22:02:04","updated_at":"2024-03-21 22:02:04","enrolledSubject_code":"2345-6789_2023-2024_1_1_NSTP1","remarks":null},
{"en_subjects_id":"15","enrollment_id":"3","subject_id":"6","sec_sub_id":"12","final_grade":null,"created_at":"2024-03-21 22:02:04","updated_at":"2024-03-21 22:02:04","enrolledSubject_code":"2345-6789_2023-2024_1_1_ITE111","remarks":null},
{"en_subjects_id":"16","enrollment_id":"3","subject_id":"3","sec_sub_id":"11","final_grade":null,"created_at":"2024-03-21 22:02:04","updated_at":"2024-03-21 22:02:04","enrolledSubject_code":"2345-6789_2023-2024_1_1_GE113","remarks":null},
{"en_subjects_id":"17","enrollment_id":"3","subject_id":"2","sec_sub_id":"10","final_grade":null,"created_at":"2024-03-21 22:02:04","updated_at":"2024-03-21 22:02:04","enrolledSubject_code":"2345-6789_2023-2024_1_1_GE112","remarks":null},
{"en_subjects_id":"18","enrollment_id":"3","subject_id":"1","sec_sub_id":"9","final_grade":null,"created_at":"2024-03-21 22:02:04","updated_at":"2024-03-21 22:02:04","enrolledSubject_code":"2345-6789_2023-2024_1_1_GE111","remarks":null},
{"en_subjects_id":"19","enrollment_id":"3","subject_id":"7","sec_sub_id":"8","final_grade":null,"created_at":"2024-03-21 22:02:04","updated_at":"2024-03-21 22:02:04","enrolledSubject_code":"2345-6789_2023-2024_1_1_CSP111","remarks":null},
{"en_subjects_id":"20","enrollment_id":"4","subject_id":"15","sec_sub_id":"21","final_grade":null,"created_at":"2024-03-21 22:20:36","updated_at":"2024-03-21 22:20:36","enrolledSubject_code":"2345-6789_2023-2024_3_1_PE3","remarks":null},
{"en_subjects_id":"21","enrollment_id":"4","subject_id":"17","sec_sub_id":"20","final_grade":null,"created_at":"2024-03-21 22:20:36","updated_at":"2024-03-21 22:20:36","enrolledSubject_code":"2345-6789_2023-2024_3_1_ITE133","remarks":null},
{"en_subjects_id":"22","enrollment_id":"4","subject_id":"19","sec_sub_id":"19","final_grade":null,"created_at":"2024-03-21 22:20:36","updated_at":"2024-03-21 22:20:36","enrolledSubject_code":"2345-6789_2023-2024_3_1_IT131","remarks":null},
{"en_subjects_id":"23","enrollment_id":"4","subject_id":"16","sec_sub_id":"18","final_grade":null,"created_at":"2024-03-21 22:20:36","updated_at":"2024-03-21 22:20:36","enrolledSubject_code":"2345-6789_2023-2024_3_1_ILB131","remarks":null},
{"en_subjects_id":"24","enrollment_id":"4","subject_id":"14","sec_sub_id":"17","final_grade":null,"created_at":"2024-03-21 22:20:36","updated_at":"2024-03-21 22:20:36","enrolledSubject_code":"2345-6789_2023-2024_3_1_GE135","remarks":null},
{"en_subjects_id":"25","enrollment_id":"4","subject_id":"18","sec_sub_id":"16","final_grade":null,"created_at":"2024-03-21 22:20:36","updated_at":"2024-03-21 22:20:36","enrolledSubject_code":"2345-6789_2023-2024_3_1_CSP134","remarks":null},
{"en_subjects_id":"26","enrollment_id":"5","subject_id":"22","sec_sub_id":"28","final_grade":null,"created_at":"2024-03-21 22:41:59","updated_at":"2024-03-21 22:41:59","enrolledSubject_code":"2345-6789_2024-2025_1_1_PE4","remarks":null},
{"en_subjects_id":"27","enrollment_id":"5","subject_id":"25","sec_sub_id":"26","final_grade":null,"created_at":"2024-03-21 22:41:59","updated_at":"2024-03-21 22:41:59","enrolledSubject_code":"2345-6789_2024-2025_1_1_ITE212","remarks":null},
{"en_subjects_id":"28","enrollment_id":"5","subject_id":"24","sec_sub_id":"25","final_grade":null,"created_at":"2024-03-21 22:41:59","updated_at":"2024-03-21 22:41:59","enrolledSubject_code":"2345-6789_2024-2025_1_1_ITE211","remarks":null},
{"en_subjects_id":"29","enrollment_id":"5","subject_id":"21","sec_sub_id":"24","final_grade":null,"created_at":"2024-03-21 22:41:59","updated_at":"2024-03-21 22:41:59","enrolledSubject_code":"2345-6789_2024-2025_1_1_GE212","remarks":null},
{"en_subjects_id":"30","enrollment_id":"5","subject_id":"20","sec_sub_id":"23","final_grade":null,"created_at":"2024-03-21 22:41:59","updated_at":"2024-03-21 22:41:59","enrolledSubject_code":"2345-6789_2024-2025_1_1_GE211","remarks":null},
{"en_subjects_id":"31","enrollment_id":"5","subject_id":"23","sec_sub_id":"22","final_grade":null,"created_at":"2024-03-21 22:41:59","updated_at":"2024-03-21 22:41:59","enrolledSubject_code":"2345-6789_2024-2025_1_1_CSP211","remarks":null},
{"en_subjects_id":"32","enrollment_id":"6","subject_id":"31","sec_sub_id":"34","final_grade":null,"created_at":"2024-03-21 23:10:54","updated_at":"2024-03-21 23:10:54","enrolledSubject_code":"2345-6789_2024-2025_2_1_ITE223","remarks":null},
{"en_subjects_id":"33","enrollment_id":"6","subject_id":"27","sec_sub_id":"33","final_grade":null,"created_at":"2024-03-21 23:10:54","updated_at":"2024-03-21 23:10:54","enrolledSubject_code":"2345-6789_2024-2025_2_1_GE225","remarks":null},
{"en_subjects_id":"34","enrollment_id":"6","subject_id":"26","sec_sub_id":"32","final_grade":null,"created_at":"2024-03-21 23:10:54","updated_at":"2024-03-21 23:10:54","enrolledSubject_code":"2345-6789_2024-2025_2_1_GE224","remarks":null},
{"en_subjects_id":"35","enrollment_id":"6","subject_id":"30","sec_sub_id":"31","final_grade":null,"created_at":"2024-03-21 23:10:54","updated_at":"2024-03-21 23:10:54","enrolledSubject_code":"2345-6789_2024-2025_2_1_CSP224","remarks":null},
{"en_subjects_id":"36","enrollment_id":"6","subject_id":"29","sec_sub_id":"30","final_grade":null,"created_at":"2024-03-21 23:10:54","updated_at":"2024-03-21 23:10:54","enrolledSubject_code":"2345-6789_2024-2025_2_1_CSP223","remarks":null},
{"en_subjects_id":"37","enrollment_id":"6","subject_id":"28","sec_sub_id":"29","final_grade":null,"created_at":"2024-03-21 23:10:54","updated_at":"2024-03-21 23:10:54","enrolledSubject_code":"2345-6789_2024-2025_2_1_CSP222","remarks":null}
]
