[
{"id":"1","program_id":"1","subject_id":"26","term":"2","year":"2","created_at":"2024-03-20 17:30:06","updated_at":"2024-03-20 17:30:06"},
{"id":"2","program_id":"1","subject_id":"47","term":"2","year":"3","created_at":"2024-03-20 17:30:06","updated_at":"2024-03-20 17:30:06"},
{"id":"3","program_id":"1","subject_id":"52","term":"1","year":"4","created_at":"2024-03-20 17:30:06","updated_at":"2024-03-20 17:30:06"},
{"id":"5","program_id":"2","subject_id":"9","term":"2","year":"1","created_at":"2024-03-20 17:30:06","updated_at":"2024-03-20 17:30:06"},
{"id":"6","program_id":"1","subject_id":"1","term":"1","year":"1","created_at":"2024-03-20 17:30:06","updated_at":"2024-03-20 17:30:06"},
{"id":"7","program_id":"1","subject_id":"2","term":"1","year":"1","created_at":"2024-03-20 17:30:06","updated_at":"2024-03-20 17:30:06"},
{"id":"8","program_id":"1","subject_id":"3","term":"1","year":"1","created_at":"2024-03-20 17:30:06","updated_at":"2024-03-20 17:30:06"},
{"id":"9","program_id":"1","subject_id":"4","term":"1","year":"1","created_at":"2024-03-20 17:30:06","updated_at":"2024-03-20 17:30:06"},
{"id":"10","program_id":"1","subject_id":"5","term":"1","year":"1","created_at":"2024-03-20 17:30:06","updated_at":"2024-03-20 17:30:06"},
{"id":"11","program_id":"1","subject_id":"6","term":"1","year":"1","created_at":"2024-03-20 17:30:06","updated_at":"2024-03-20 17:30:06"},
{"id":"12","program_id":"1","subject_id":"7","term":"1","year":"1","created_at":"2024-03-20 17:30:06","updated_at":"2024-03-20 17:30:06"},
{"id":"13","program_id":"1","subject_id":"14","term":"3","year":"1","created_at":"2024-03-20 17:30:06","updated_at":"2024-03-20 17:30:06"},
{"id":"14","program_id":"1","subject_id":"15","term":"3","year":"1","created_at":"2024-03-20 17:30:06","updated_at":"2024-03-20 17:30:06"},
{"id":"15","program_id":"1","subject_id":"16","term":"3","year":"1","created_at":"2024-03-20 17:30:06","updated_at":"2024-03-20 17:30:06"},
{"id":"16","program_id":"1","subject_id":"17","term":"3","year":"1","created_at":"2024-03-20 17:30:06","updated_at":"2024-03-20 17:30:06"},
{"id":"17","program_id":"1","subject_id":"18","term":"3","year":"1","created_at":"2024-03-20 17:30:06","updated_at":"2024-03-20 17:30:06"},
{"id":"18","program_id":"1","subject_id":"19","term":"3","year":"1","created_at":"2024-03-20 17:30:06","updated_at":"2024-03-20 17:30:06"},
{"id":"19","program_id":"1","subject_id":"20","term":"1","year":"2","created_at":"2024-03-20 17:30:06","updated_at":"2024-03-20 17:30:06"},
{"id":"20","program_id":"1","subject_id":"21","term":"1","year":"2","created_at":"2024-03-20 17:30:06","updated_at":"2024-03-20 17:30:06"},
{"id":"21","program_id":"1","subject_id":"22","term":"1","year":"2","created_at":"2024-03-20 17:30:06","updated_at":"2024-03-20 17:30:06"},
{"id":"22","program_id":"1","subject_id":"23","term":"1","year":"2","created_at":"2024-03-20 17:30:06","updated_at":"2024-03-20 17:30:06"},
{"id":"23","program_id":"1","subject_id":"24","term":"1","year":"2","created_at":"2024-03-20 17:30:06","updated_at":"2024-03-20 17:30:06"},
{"id":"24","program_id":"1","subject_id":"25","term":"1","year":"2","created_at":"2024-03-20 17:30:06","updated_at":"2024-03-20 17:30:06"},
{"id":"25","program_id":"1","subject_id":"27","term":"2","year":"2","created_at":"2024-03-20 17:30:06","updated_at":"2024-03-20 17:30:06"},
{"id":"26","program_id":"1","subject_id":"28","term":"2","year":"2","created_at":"2024-03-20 17:30:06","updated_at":"2024-03-20 17:30:06"},
{"id":"27","program_id":"1","subject_id":"29","term":"2","year":"2","created_at":"2024-03-20 17:30:06","updated_at":"2024-03-20 17:30:06"},
{"id":"28","program_id":"1","subject_id":"30","term":"2","year":"2","created_at":"2024-03-20 17:30:06","updated_at":"2024-03-20 17:30:06"},
{"id":"29","program_id":"1","subject_id":"31","term":"2","year":"2","created_at":"2024-03-20 17:30:06","updated_at":"2024-03-20 17:30:06"},
{"id":"30","program_id":"1","subject_id":"8","term":"2","year":"1","created_at":"2024-03-20 17:30:06","updated_at":"2024-03-20 17:30:06"},
{"id":"31","program_id":"1","subject_id":"9","term":"2","year":"1","created_at":"2024-03-20 17:30:06","updated_at":"2024-03-20 17:30:06"},
{"id":"32","program_id":"1","subject_id":"10","term":"2","year":"1","created_at":"2024-03-20 17:30:06","updated_at":"2024-03-20 17:30:06"},
{"id":"33","program_id":"1","subject_id":"11","term":"2","year":"1","created_at":"2024-03-20 17:30:06","updated_at":"2024-03-20 17:30:06"},
{"id":"34","program_id":"1","subject_id":"12","term":"2","year":"1","created_at":"2024-03-20 17:30:06","updated_at":"2024-03-20 17:30:06"},
{"id":"35","program_id":"1","subject_id":"13","term":"2","year":"1","created_at":"2024-03-20 17:30:06","updated_at":"2024-03-20 17:30:06"},
{"id":"36","program_id":"1","subject_id":"32","term":"3","year":"2","created_at":"2024-03-20 17:30:06","updated_at":"2024-03-20 17:30:06"},
{"id":"37","program_id":"1","subject_id":"33","term":"3","year":"2","created_at":"2024-03-20 17:30:06","updated_at":"2024-03-20 17:30:06"},
{"id":"38","program_id":"1","subject_id":"34","term":"3","year":"2","created_at":"2024-03-20 17:30:06","updated_at":"2024-03-20 17:30:06"},
{"id":"39","program_id":"1","subject_id":"35","term":"3","year":"2","created_at":"2024-03-20 17:30:06","updated_at":"2024-03-20 17:30:06"},
{"id":"40","program_id":"1","subject_id":"36","term":"3","year":"2","created_at":"2024-03-20 17:30:06","updated_at":"2024-03-20 17:30:06"},
{"id":"41","program_id":"1","subject_id":"37","term":"3","year":"2","created_at":"2024-03-20 17:30:06","updated_at":"2024-03-20 17:30:06"},
{"id":"42","program_id":"1","subject_id":"38","term":"1","year":"3","created_at":"2024-03-20 17:30:06","updated_at":"2024-03-20 17:30:06"},
{"id":"43","program_id":"1","subject_id":"39","term":"1","year":"3","created_at":"2024-03-20 17:30:06","updated_at":"2024-03-20 17:30:06"},
{"id":"44","program_id":"1","subject_id":"40","term":"1","year":"3","created_at":"2024-03-20 17:30:06","updated_at":"2024-03-20 17:30:06"},
{"id":"45","program_id":"1","subject_id":"41","term":"1","year":"3","created_at":"2024-03-20 17:30:06","updated_at":"2024-03-20 17:30:06"},
{"id":"46","program_id":"1","subject_id":"42","term":"1","year":"3","created_at":"2024-03-20 17:30:06","updated_at":"2024-03-20 17:30:06"},
{"id":"47","program_id":"1","subject_id":"43","term":"1","year":"3","created_at":"2024-03-20 17:30:06","updated_at":"2024-03-20 17:30:06"},
{"id":"48","program_id":"1","subject_id":"44","term":"2","year":"3","created_at":"2024-03-20 17:30:06","updated_at":"2024-03-20 17:30:06"},
{"id":"49","program_id":"1","subject_id":"45","term":"2","year":"3","created_at":"2024-03-20 17:30:06","updated_at":"2024-03-20 17:30:06"},
{"id":"50","program_id":"1","subject_id":"46","term":"2","year":"3","created_at":"2024-03-20 17:30:06","updated_at":"2024-03-20 17:30:06"},
{"id":"51","program_id":"1","subject_id":"48","term":"2","year":"3","created_at":"2024-03-20 17:30:06","updated_at":"2024-03-20 17:30:06"},
{"id":"52","program_id":"1","subject_id":"49","term":"3","year":"3","created_at":"2024-03-20 17:30:06","updated_at":"2024-03-20 17:30:06"},
{"id":"53","program_id":"1","subject_id":"50","term":"3","year":"3","created_at":"2024-03-20 17:30:06","updated_at":"2024-03-20 17:30:06"},
{"id":"54","program_id":"1","subject_id":"51","term":"3","year":"3","created_at":"2024-03-20 17:30:06","updated_at":"2024-03-20 17:30:06"},
{"id":"55","program_id":"2","subject_id":"1","term":"1","year":"1","created_at":"2024-03-20 17:30:06","updated_at":"2024-03-20 17:30:06"},
{"id":"56","program_id":"2","subject_id":"2","term":"1","year":"1","created_at":"2024-03-20 17:30:06","updated_at":"2024-03-20 17:30:06"},
{"id":"57","program_id":"2","subject_id":"3","term":"1","year":"1","created_at":"2024-03-20 17:30:06","updated_at":"2024-03-20 17:30:06"},
{"id":"58","program_id":"2","subject_id":"4","term":"1","year":"1","created_at":"2024-03-20 17:30:06","updated_at":"2024-03-20 17:30:06"},
{"id":"59","program_id":"2","subject_id":"5","term":"1","year":"1","created_at":"2024-03-20 17:30:06","updated_at":"2024-03-20 17:30:06"},
{"id":"60","program_id":"2","subject_id":"6","term":"1","year":"1","created_at":"2024-03-20 17:30:06","updated_at":"2024-03-20 17:30:06"},
{"id":"61","program_id":"2","subject_id":"72","term":"1","year":"1","created_at":"2024-03-20 22:44:17","updated_at":"2024-03-20 22:44:17"},
{"id":"62","program_id":"2","subject_id":"8","term":"2","year":"1","created_at":"2024-03-20 22:45:31","updated_at":"2024-03-20 22:45:31"},
{"id":"63","program_id":"2","subject_id":"10","term":"2","year":"1","created_at":"2024-03-20 22:45:31","updated_at":"2024-03-20 22:45:31"},
{"id":"64","program_id":"2","subject_id":"11","term":"2","year":"1","created_at":"2024-03-20 22:45:31","updated_at":"2024-03-20 22:45:31"},
{"id":"65","program_id":"2","subject_id":"73","term":"2","year":"1","created_at":"2024-03-20 22:49:33","updated_at":"2024-03-20 22:49:33"},
{"id":"66","program_id":"2","subject_id":"74","term":"2","year":"1","created_at":"2024-03-20 22:49:33","updated_at":"2024-03-20 22:49:33"},
{"id":"67","program_id":"2","subject_id":"14","term":"3","year":"1","created_at":"2024-03-20 22:50:50","updated_at":"2024-03-20 22:50:50"},
{"id":"68","program_id":"2","subject_id":"15","term":"3","year":"1","created_at":"2024-03-20 22:50:50","updated_at":"2024-03-20 22:50:50"},
{"id":"69","program_id":"2","subject_id":"16","term":"3","year":"1","created_at":"2024-03-20 22:50:50","updated_at":"2024-03-20 22:50:50"},
{"id":"70","program_id":"2","subject_id":"17","term":"3","year":"1","created_at":"2024-03-20 22:50:50","updated_at":"2024-03-20 22:50:50"},
{"id":"71","program_id":"2","subject_id":"19","term":"3","year":"1","created_at":"2024-03-20 22:50:50","updated_at":"2024-03-20 22:50:50"},
{"id":"72","program_id":"2","subject_id":"20","term":"1","year":"2","created_at":"2024-03-20 23:04:05","updated_at":"2024-03-20 23:04:05"},
{"id":"73","program_id":"2","subject_id":"21","term":"1","year":"2","created_at":"2024-03-20 23:04:05","updated_at":"2024-03-20 23:04:05"},
{"id":"74","program_id":"2","subject_id":"22","term":"1","year":"2","created_at":"2024-03-20 23:04:05","updated_at":"2024-03-20 23:04:05"},
{"id":"75","program_id":"2","subject_id":"24","term":"1","year":"2","created_at":"2024-03-20 23:04:05","updated_at":"2024-03-20 23:04:05"},
{"id":"76","program_id":"2","subject_id":"25","term":"1","year":"2","created_at":"2024-03-20 23:04:05","updated_at":"2024-03-20 23:04:05"},
{"id":"77","program_id":"2","subject_id":"26","term":"2","year":"2","created_at":"2024-03-20 23:20:50","updated_at":"2024-03-20 23:20:50"},
{"id":"78","program_id":"2","subject_id":"27","term":"2","year":"2","created_at":"2024-03-20 23:20:50","updated_at":"2024-03-20 23:20:50"},
{"id":"79","program_id":"2","subject_id":"31","term":"2","year":"2","created_at":"2024-03-20 23:20:50","updated_at":"2024-03-20 23:20:50"},
{"id":"80","program_id":"2","subject_id":"76","term":"1","year":"2","created_at":"2024-03-20 23:32:57","updated_at":"2024-03-20 23:32:57"},
{"id":"81","program_id":"2","subject_id":"77","term":"2","year":"2","created_at":"2024-03-20 23:34:42","updated_at":"2024-03-20 23:34:42"},
{"id":"82","program_id":"2","subject_id":"78","term":"2","year":"2","created_at":"2024-03-20 23:34:42","updated_at":"2024-03-20 23:34:42"},
{"id":"83","program_id":"2","subject_id":"79","term":"2","year":"2","created_at":"2024-03-20 23:34:42","updated_at":"2024-03-20 23:34:42"},
{"id":"84","program_id":"2","subject_id":"32","term":"3","year":"2","created_at":"2024-03-20 23:36:11","updated_at":"2024-03-20 23:36:11"},
{"id":"85","program_id":"2","subject_id":"34","term":"3","year":"2","created_at":"2024-03-20 23:36:11","updated_at":"2024-03-20 23:36:11"},
{"id":"86","program_id":"2","subject_id":"80","term":"3","year":"2","created_at":"2024-03-20 23:38:40","updated_at":"2024-03-20 23:38:40"},
{"id":"87","program_id":"2","subject_id":"81","term":"3","year":"2","created_at":"2024-03-20 23:38:40","updated_at":"2024-03-20 23:38:40"},
{"id":"88","program_id":"2","subject_id":"82","term":"3","year":"2","created_at":"2024-03-20 23:38:40","updated_at":"2024-03-20 23:38:40"},
{"id":"89","program_id":"2","subject_id":"83","term":"1","year":"3","created_at":"2024-03-20 23:50:52","updated_at":"2024-03-20 23:50:52"},
{"id":"90","program_id":"2","subject_id":"84","term":"1","year":"3","created_at":"2024-03-20 23:50:52","updated_at":"2024-03-20 23:50:52"},
{"id":"91","program_id":"2","subject_id":"85","term":"1","year":"3","created_at":"2024-03-20 23:50:52","updated_at":"2024-03-20 23:50:52"},
{"id":"92","program_id":"2","subject_id":"86","term":"1","year":"3","created_at":"2024-03-20 23:50:52","updated_at":"2024-03-20 23:50:52"},
{"id":"93","program_id":"2","subject_id":"87","term":"1","year":"3","created_at":"2024-03-20 23:50:52","updated_at":"2024-03-20 23:50:52"},
{"id":"95","program_id":"2","subject_id":"45","term":"2","year":"3","created_at":"2024-03-20 23:56:51","updated_at":"2024-03-20 23:56:51"},
{"id":"96","program_id":"2","subject_id":"88","term":"2","year":"3","created_at":"2024-03-20 23:56:51","updated_at":"2024-03-20 23:56:51"},
{"id":"97","program_id":"2","subject_id":"89","term":"2","year":"3","created_at":"2024-03-20 23:56:51","updated_at":"2024-03-20 23:56:51"},
{"id":"98","program_id":"2","subject_id":"90","term":"2","year":"3","created_at":"2024-03-20 23:56:51","updated_at":"2024-03-20 23:56:51"},
{"id":"99","program_id":"2","subject_id":"52","term":"1","year":"4","created_at":"2024-03-21 00:05:22","updated_at":"2024-03-21 00:05:22"},
{"id":"100","program_id":"2","subject_id":"51","term":"3","year":"3","created_at":"2024-03-21 00:05:45","updated_at":"2024-03-21 00:05:45"},
{"id":"101","program_id":"2","subject_id":"91","term":"3","year":"3","created_at":"2024-03-21 00:05:45","updated_at":"2024-03-21 00:05:45"},
{"id":"102","program_id":"2","subject_id":"93","term":"1","year":"3","created_at":"2024-03-21 00:12:55","updated_at":"2024-03-21 00:12:55"}
]
