[
    {
      "subject_id": 1,
      "subject_code": "GE111",
      "subject_name": "Understanding the Self",
      "subject_description": "Understanding the Self",
      "units_lec": 3,
      "units_lab": 0,
      "prerequisite_1": null,
      "prerequisite_2": null,
      "prerequisite_3": null,
      "created_at": "2024-03-20 17:30:04",
      "updated_at": "2024-03-20 17:30:04",
      "co_requisite": null
    },
    {
      "subject_id": 2,
      "subject_code": "GE112",
      "subject_name": "Readings in Philippine History",
      "subject_description": "Readings in Philippine History",
      "units_lec": 3,
      "units_lab": 0,
      "prerequisite_1": null,
      "prerequisite_2": null,
      "prerequisite_3": null,
      "created_at": "2024-03-20 17:30:04",
      "updated_at": "2024-03-20 17:30:04",
      "co_requisite": null
    },
    {
      "subject_id": 3,
      "subject_code": "GE113",
      "subject_name": "Ethics",
      "subject_description": "Ethics",
      "units_lec": 3,
      "units_lab": 0,
      "prerequisite_1": null,
      "prerequisite_2": null,
      "prerequisite_3": null,
      "created_at": "2024-03-20 17:30:04",
      "updated_at": "2024-03-20 17:30:04",
      "co_requisite": null
    },
    {
      "subject_id": 4,
      "subject_code": "NSTP1",
      "subject_name": "NSTP 1",
      "subject_description": "NSTP 1",
      "units_lec": 3,
      "units_lab": 0,
      "prerequisite_1": null,
      "prerequisite_2": null,
      "prerequisite_3": null,
      "created_at": "2024-03-20 17:30:04",
      "updated_at": "2024-03-20 22:53:16",
      "co_requisite": null
    },
    {
      "subject_id": 5,
      "subject_code": "PE1",
      "subject_name": "Physical Fitness",
      "subject_description": "Physical Fitness",
      "units_lec": 2,
      "units_lab": 0,
      "prerequisite_1": null,
      "prerequisite_2": null,
      "prerequisite_3": null,
      "created_at": "2024-03-20 17:30:04",
      "updated_at": "2024-03-20 17:30:04",
      "co_requisite": null
    },
    {
      "subject_id": 6,
      "subject_code": "ITE111",
      "subject_name": "Introduction to Computing",
      "subject_description": "Introduction to Computing",
      "units_lec": 3,
      "units_lab": 0,
      "prerequisite_1": null,
      "prerequisite_2": null,
      "prerequisite_3": null,
      "created_at": "2024-03-20 17:30:04",
      "updated_at": "2024-03-20 17:30:04",
      "co_requisite": null
    },
    {
      "subject_id": 7,
      "subject_code": "CSP111",
      "subject_name": "Discrete Structure 1",
      "subject_description": "Discrete Structure 1",
      "units_lec": 3,
      "units_lab": 0,
      "prerequisite_1": null,
      "prerequisite_2": null,
      "prerequisite_3": null,
      "created_at": "2024-03-20 17:30:04",
      "updated_at": "2024-03-20 17:30:04",
      "co_requisite": null
    },