[
{"id":"1","section_id":"1","subject_id":"12","created_at":"2024-03-21 13:45:02","updated_at":"2024-03-21 13:45:02"},
{"id":"2","section_id":"1","subject_id":"13","created_at":"2024-03-21 13:45:02","updated_at":"2024-03-21 13:45:02"},
{"id":"3","section_id":"1","subject_id":"8","created_at":"2024-03-21 13:45:02","updated_at":"2024-03-21 13:45:02"},
{"id":"4","section_id":"1","subject_id":"45","created_at":"2024-03-21 13:45:02","updated_at":"2024-03-21 13:45:02"},
{"id":"5","section_id":"1","subject_id":"11","created_at":"2024-03-21 13:45:02","updated_at":"2024-03-21 13:45:02"},
{"id":"6","section_id":"1","subject_id":"9","created_at":"2024-03-21 13:45:02","updated_at":"2024-03-21 13:45:02"},
{"id":"7","section_id":"1","subject_id":"10","created_at":"2024-03-21 13:45:02","updated_at":"2024-03-21 13:45:02"},
{"id":"8","section_id":"11","subject_id":"7","created_at":"2024-03-21 16:57:21","updated_at":"2024-03-21 16:57:21"},
{"id":"9","section_id":"11","subject_id":"1","created_at":"2024-03-21 17:10:44","updated_at":"2024-03-21 17:10:44"},
{"id":"10","section_id":"11","subject_id":"2","created_at":"2024-03-21 17:12:43","updated_at":"2024-03-21 17:12:43"},
{"id":"11","section_id":"11","subject_id":"3","created_at":"2024-03-21 17:16:43","updated_at":"2024-03-21 17:16:43"},
{"id":"12","section_id":"11","subject_id":"6","created_at":"2024-03-21 21:49:12","updated_at":"2024-03-21 21:49:12"},
{"id":"13","section_id":"11","subject_id":"72","created_at":"2024-03-21 21:50:42","updated_at":"2024-03-21 21:50:42"},
{"id":"14","section_id":"11","subject_id":"4","created_at":"2024-03-21 21:52:01","updated_at":"2024-03-21 21:52:01"},
{"id":"15","section_id":"11","subject_id":"5","created_at":"2024-03-21 21:52:40","updated_at":"2024-03-21 21:52:40"},
{"id":"16","section_id":"13","subject_id":"18","created_at":"2024-03-21 22:07:27","updated_at":"2024-03-21 22:07:27"},
{"id":"17","section_id":"13","subject_id":"14","created_at":"2024-03-21 22:08:29","updated_at":"2024-03-21 22:08:29"},
{"id":"18","section_id":"13","subject_id":"16","created_at":"2024-03-21 22:09:29","updated_at":"2024-03-21 22:09:29"},
{"id":"19","section_id":"13","subject_id":"19","created_at":"2024-03-21 22:10:37","updated_at":"2024-03-21 22:10:37"},
{"id":"20","section_id":"13","subject_id":"17","created_at":"2024-03-21 22:12:17","updated_at":"2024-03-21 22:12:17"},
{"id":"21","section_id":"13","subject_id":"15","created_at":"2024-03-21 22:16:41","updated_at":"2024-03-21 22:16:41"},
{"id":"22","section_id":"14","subject_id":"23","created_at":"2024-03-21 22:33:02","updated_at":"2024-03-21 22:33:02"},
{"id":"23","section_id":"14","subject_id":"20","created_at":"2024-03-21 22:34:21","updated_at":"2024-03-21 22:34:21"},
{"id":"24","section_id":"14","subject_id":"21","created_at":"2024-03-21 22:35:13","updated_at":"2024-03-21 22:35:13"},
{"id":"25","section_id":"14","subject_id":"24","created_at":"2024-03-21 22:36:13","updated_at":"2024-03-21 22:36:13"},
{"id":"26","section_id":"14","subject_id":"25","created_at":"2024-03-21 22:37:21","updated_at":"2024-03-21 22:37:21"},
{"id":"27","section_id":"14","subject_id":"76","created_at":"2024-03-21 22:38:23","updated_at":"2024-03-21 22:38:23"},
{"id":"28","section_id":"14","subject_id":"22","created_at":"2024-03-21 22:39:29","updated_at":"2024-03-21 22:39:29"},
{"id":"29","section_id":"15","subject_id":"28","created_at":"2024-03-21 22:57:49","updated_at":"2024-03-21 22:57:49"},
{"id":"30","section_id":"15","subject_id":"29","created_at":"2024-03-21 22:58:47","updated_at":"2024-03-21 22:58:47"},
{"id":"31","section_id":"15","subject_id":"30","created_at":"2024-03-21 22:59:48","updated_at":"2024-03-21 22:59:48"},
{"id":"32","section_id":"15","subject_id":"26","created_at":"2024-03-21 23:04:07","updated_at":"2024-03-21 23:04:07"},
{"id":"33","section_id":"15","subject_id":"27","created_at":"2024-03-21 23:07:22","updated_at":"2024-03-21 23:07:22"},
{"id":"34","section_id":"15","subject_id":"31","created_at":"2024-03-21 23:08:20","updated_at":"2024-03-21 23:08:20"},
{"id":"35","section_id":"16","subject_id":"33","created_at":"2024-03-21 23:14:52","updated_at":"2024-03-21 23:14:52"},
{"id":"36","section_id":"16","subject_id":"36","created_at":"2024-03-21 23:16:00","updated_at":"2024-03-21 23:16:00"},
{"id":"37","section_id":"16","subject_id":"35","created_at":"2024-03-21 23:16:51","updated_at":"2024-03-21 23:16:51"},
{"id":"38","section_id":"16","subject_id":"32","created_at":"2024-03-21 23:17:46","updated_at":"2024-03-21 23:17:46"}
]
