[
{"id":"1","sec_sub_id":"1","prof_id":"13","class_days_f2f":"[\"Friday\"]","class_days_online":"[\"Friday\"]","start_time_f2f":"14:00:00","end_time_f2f":"18:00:00","start_time_online":"14:00:00","end_time_online":"18:00:00","room":"201","class_limit":"30","created_at":"2024-03-20 13:33:08","updated_at":"2024-03-20 13:33:08"},
{"id":"2","sec_sub_id":"2","prof_id":"1","class_days_f2f":"[\"Monday\",\"Tuesday\",\"Wednesday\",\"Thursday\"]","class_days_online":"[\"Monday\",\"Tuesday\",\"Wednesday\",\"Thursday\"]","start_time_f2f":"18:00:00","end_time_f2f":"19:00:00","start_time_online":"18:00:00","end_time_online":"19:00:00","room":"222","class_limit":"30","created_at":"2024-03-20 13:33:54","updated_at":"2024-03-20 13:33:54"},
{"id":"3","sec_sub_id":"3","prof_id":"13","class_days_f2f":"[\"Friday\"]","class_days_online":"[\"Friday\"]","start_time_f2f":"19:00:00","end_time_f2f":"20:00:00","start_time_online":"19:00:00","end_time_online":"20:00:00","room":"201","class_limit":"30","created_at":"2024-03-20 14:30:44","updated_at":"2024-03-20 14:30:44"},
{"id":"4","sec_sub_id":"4","prof_id":"13","class_days_f2f":"[\"Friday\"]","class_days_online":"[\"Friday\"]","start_time_f2f":"22:00:00","end_time_f2f":"23:00:00","start_time_online":"22:00:00","end_time_online":"23:00:00","room":"201","class_limit":"30","created_at":"2024-03-20 14:32:10","updated_at":"2024-03-20 14:32:55"},
{"id":"5","sec_sub_id":"5","prof_id":"2","class_days_f2f":"[\"Tuesday\",\"Thursday\"]","class_days_online":"[\"Tuesday\",\"Thursday\"]","start_time_f2f":"15:00:00","end_time_f2f":"16:00:00","start_time_online":"15:00:00","end_time_online":"16:00:00","room":"212","class_limit":"30","created_at":"2024-03-20 14:36:25","updated_at":"2024-03-20 14:49:22"},
{"id":"6","sec_sub_id":"6","prof_id":"11","class_days_f2f":"[\"Saturday\"]","class_days_online":"[\"Saturday\"]","start_time_f2f":"08:00:00","end_time_f2f":"12:00:00","start_time_online":"08:00:00","end_time_online":"12:00:00","room":"123","class_limit":"30","created_at":"2024-03-20 14:50:23","updated_at":"2024-03-20 14:50:23"},
{"id":"7","sec_sub_id":"7","prof_id":"5","class_days_f2f":"[\"Friday\"]","class_days_online":"[\"Friday\"]","start_time_f2f":"08:00:00","end_time_f2f":"12:00:00","start_time_online":"08:00:00","end_time_online":"12:00:00","room":"Field","class_limit":"30","created_at":"2024-03-20 14:50:59","updated_at":"2024-03-20 14:50:59"},
{"id":"8","sec_sub_id":"8","prof_id":"1","class_days_f2f":"[\"Monday\"]","class_days_online":"[\"Wednesday\"]","start_time_f2f":"08:00:00","end_time_f2f":"09:00:00","start_time_online":"08:00:00","end_time_online":"09:00:00","room":"305","class_limit":"25","created_at":"2024-03-21 16:57:21","updated_at":"2024-03-21 16:57:21"},
{"id":"9","sec_sub_id":"9","prof_id":"11","class_days_f2f":"[\"Tuesday\"]","class_days_online":"[\"Thursday\"]","start_time_f2f":"13:00:00","end_time_f2f":"14:00:00","start_time_online":"13:00:00","end_time_online":"14:00:00","room":"205","class_limit":"25","created_at":"2024-03-21 17:10:44","updated_at":"2024-03-21 17:19:39"},
{"id":"10","sec_sub_id":"10","prof_id":"3","class_days_f2f":"[\"Tuesday\"]","class_days_online":"[\"Thursday\"]","start_time_f2f":"09:00:00","end_time_f2f":"10:00:00","start_time_online":"09:00:00","end_time_online":"10:00:00","room":"306","class_limit":"25","created_at":"2024-03-21 17:12:43","updated_at":"2024-03-21 17:12:43"},
{"id":"11","sec_sub_id":"11","prof_id":"4","class_days_f2f":"[\"Monday\"]","class_days_online":"[\"Wednesday\"]","start_time_f2f":"13:30:00","end_time_f2f":"14:30:00","start_time_online":"13:30:00","end_time_online":"14:30:00","room":"105","class_limit":"25","created_at":"2024-03-21 17:16:43","updated_at":"2024-03-21 17:16:43"},
{"id":"12","sec_sub_id":"13","prof_id":"3","class_days_f2f":"[\"Saturday\"]","class_days_online":"[\"Saturday\"]","start_time_f2f":"10:00:00","end_time_f2f":"11:00:00","start_time_online":"10:00:00","end_time_online":"11:00:00","room":"303","class_limit":"25","created_at":"2024-03-21 21:50:42","updated_at":"2024-03-21 21:50:42"},
{"id":"13","sec_sub_id":"15","prof_id":"13","class_days_f2f":"[\"Friday\"]","class_days_online":"[\"Friday\"]","start_time_f2f":"09:00:00","end_time_f2f":"10:00:00","start_time_online":"09:00:00","end_time_online":"10:00:00","room":"205","class_limit":"25","created_at":"2024-03-21 21:52:40","updated_at":"2024-03-21 21:52:40"},
{"id":"14","sec_sub_id":"12","prof_id":"1","class_days_f2f":"[\"Tuesday\"]","class_days_online":"[\"Thursday\"]","start_time_f2f":"15:00:00","end_time_f2f":"16:00:00","start_time_online":"15:00:00","end_time_online":"16:00:00","room":"203","class_limit":"25","created_at":"2024-03-21 21:59:39","updated_at":"2024-03-21 21:59:39"},
{"id":"15","sec_sub_id":"14","prof_id":"13","class_days_f2f":"[\"Friday\"]","class_days_online":"[\"Friday\"]","start_time_f2f":"10:00:00","end_time_f2f":"11:00:00","start_time_online":"13:00:00","end_time_online":"14:00:00","room":"205","class_limit":"25","created_at":"2024-03-21 22:01:44","updated_at":"2024-03-21 22:01:44"},
{"id":"16","sec_sub_id":"16","prof_id":"1","class_days_f2f":"[\"Monday\"]","class_days_online":"[\"Wednesday\"]","start_time_f2f":"08:30:00","end_time_f2f":"09:30:00","start_time_online":"08:30:00","end_time_online":"09:30:00","room":"205","class_limit":"25","created_at":"2024-03-21 22:07:27","updated_at":"2024-03-21 22:07:27"},
{"id":"17","sec_sub_id":"17","prof_id":"3","class_days_f2f":"[\"Monday\"]","class_days_online":"[\"Wednesday\"]","start_time_f2f":"10:00:00","end_time_f2f":"11:00:00","start_time_online":"10:00:00","end_time_online":"23:00:00","room":"203","class_limit":"25","created_at":"2024-03-21 22:08:29","updated_at":"2024-03-21 22:08:29"},
{"id":"18","sec_sub_id":"18","prof_id":"2","class_days_f2f":"[\"Tuesday\"]","class_days_online":"[\"Thursday\"]","start_time_f2f":"08:00:00","end_time_f2f":"10:00:00","start_time_online":"08:00:00","end_time_online":"10:00:00","room":"305","class_limit":"25","created_at":"2024-03-21 22:09:29","updated_at":"2024-03-21 22:09:29"},
{"id":"19","sec_sub_id":"19","prof_id":"3","class_days_f2f":"[\"Tuesday\"]","class_days_online":"[\"Thursday\"]","start_time_f2f":"13:00:00","end_time_f2f":"14:00:00","start_time_online":"13:00:00","end_time_online":"14:00:00","room":"204","class_limit":"25","created_at":"2024-03-21 22:10:37","updated_at":"2024-03-21 22:10:37"},
{"id":"20","sec_sub_id":"20","prof_id":"2","class_days_f2f":"[\"Monday\"]","class_days_online":"[\"Saturday\"]","start_time_f2f":"14:30:00","end_time_f2f":"15:30:00","start_time_online":"14:30:00","end_time_online":"15:30:00","room":"303","class_limit":"25","created_at":"2024-03-21 22:15:46","updated_at":"2024-03-21 22:15:46"},
{"id":"21","sec_sub_id":"21","prof_id":"11","class_days_f2f":"[\"Saturday\"]","class_days_online":"[\"Saturday\"]","start_time_f2f":"08:00:00","end_time_f2f":"09:00:00","start_time_online":"10:00:00","end_time_online":"11:00:00","room":"105","class_limit":"25","created_at":"2024-03-21 22:16:41","updated_at":"2024-03-21 22:16:41"},
{"id":"22","sec_sub_id":"22","prof_id":"1","class_days_f2f":"[\"Monday\"]","class_days_online":"[\"Wednesday\"]","start_time_f2f":"20:00:00","end_time_f2f":"21:00:00","start_time_online":"20:00:00","end_time_online":"21:00:00","room":"203","class_limit":"25","created_at":"2024-03-21 22:33:02","updated_at":"2024-03-21 22:33:02"},
{"id":"23","sec_sub_id":"23","prof_id":"13","class_days_f2f":"[\"Monday\"]","class_days_online":"[\"Wednesday\"]","start_time_f2f":"10:00:00","end_time_f2f":"11:00:00","start_time_online":"10:00:00","end_time_online":"11:00:00","room":"303","class_limit":"25","created_at":"2024-03-21 22:34:21","updated_at":"2024-03-21 22:34:21"},
{"id":"24","sec_sub_id":"24","prof_id":"12","class_days_f2f":"[\"Monday\"]","class_days_online":"[\"Wednesday\"]","start_time_f2f":"13:00:00","end_time_f2f":"14:00:00","start_time_online":"13:00:00","end_time_online":"14:00:00","room":"205","class_limit":"25","created_at":"2024-03-21 22:35:13","updated_at":"2024-03-21 22:35:13"},
{"id":"25","sec_sub_id":"25","prof_id":"2","class_days_f2f":"[\"Tuesday\"]","class_days_online":"[\"Thursday\"]","start_time_f2f":"09:00:00","end_time_f2f":"10:00:00","start_time_online":"09:00:00","end_time_online":"10:00:00","room":"205","class_limit":"25","created_at":"2024-03-21 22:36:13","updated_at":"2024-03-21 22:36:13"},
{"id":"26","sec_sub_id":"26","prof_id":"3","class_days_f2f":"[\"Tuesday\"]","class_days_online":"[\"Thursday\"]","start_time_f2f":"11:00:00","end_time_f2f":"12:00:00","start_time_online":"11:00:00","end_time_online":"12:00:00","room":"105","class_limit":"25","created_at":"2024-03-21 22:37:21","updated_at":"2024-03-21 22:37:21"},
{"id":"27","sec_sub_id":"27","prof_id":"1","class_days_f2f":"[\"Tuesday\"]","class_days_online":"[\"Thursday\"]","start_time_f2f":"14:00:00","end_time_f2f":"15:00:00","start_time_online":"14:00:00","end_time_online":"15:00:00","room":"204","class_limit":"25","created_at":"2024-03-21 22:38:23","updated_at":"2024-03-21 22:38:23"},
{"id":"28","sec_sub_id":"28","prof_id":"11","class_days_f2f":"[\"Friday\"]","class_days_online":"[\"Saturday\"]","start_time_f2f":"09:00:00","end_time_f2f":"10:00:00","start_time_online":"09:00:00","end_time_online":"10:00:00","room":"203","class_limit":"25","created_at":"2024-03-21 22:39:29","updated_at":"2024-03-21 22:39:29"},
{"id":"29","sec_sub_id":"29","prof_id":"1","class_days_f2f":"[\"Monday\"]","class_days_online":"[\"Wednesday\"]","start_time_f2f":"09:00:00","end_time_f2f":"10:00:00","start_time_online":"09:00:00","end_time_online":"10:00:00","room":"203","class_limit":"25","created_at":"2024-03-21 22:57:49","updated_at":"2024-03-21 22:57:49"},
{"id":"30","sec_sub_id":"30","prof_id":"3","class_days_f2f":"[\"Monday\"]","class_days_online":"[\"Wednesday\"]","start_time_f2f":"10:00:00","end_time_f2f":"12:00:00","start_time_online":"10:00:00","end_time_online":"12:00:00","room":"303","class_limit":"25","created_at":"2024-03-21 22:58:47","updated_at":"2024-03-21 22:58:47"},
{"id":"31","sec_sub_id":"31","prof_id":"2","class_days_f2f":"[\"Monday\"]","class_days_online":"[\"Wednesday\"]","start_time_f2f":"14:00:00","end_time_f2f":"15:00:00","start_time_online":"14:00:00","end_time_online":"15:00:00","room":"205","class_limit":"25","created_at":"2024-03-21 22:59:48","updated_at":"2024-03-21 22:59:48"},
{"id":"32","sec_sub_id":"32","prof_id":"11","class_days_f2f":"[\"Tuesday\"]","class_days_online":"[\"Thursday\"]","start_time_f2f":"09:00:00","end_time_f2f":"10:00:00","start_time_online":"09:00:00","end_time_online":"10:00:00","room":"105","class_limit":"25","created_at":"2024-03-21 23:04:07","updated_at":"2024-03-21 23:04:07"},
{"id":"33","sec_sub_id":"33","prof_id":"12","class_days_f2f":"[\"Tuesday\"]","class_days_online":"[\"Thursday\"]","start_time_f2f":"11:00:00","end_time_f2f":"12:00:00","start_time_online":"11:00:00","end_time_online":"12:00:00","room":"204","class_limit":"25","created_at":"2024-03-21 23:07:22","updated_at":"2024-03-21 23:07:22"},
{"id":"34","sec_sub_id":"34","prof_id":"2","class_days_f2f":"[\"Friday\"]","class_days_online":"[\"Saturday\"]","start_time_f2f":"09:00:00","end_time_f2f":"10:00:00","start_time_online":"09:00:00","end_time_online":"10:00:00","room":"205","class_limit":"25","created_at":"2024-03-21 23:08:20","updated_at":"2024-03-21 23:08:20"},
{"id":"35","sec_sub_id":"35","prof_id":"1","class_days_f2f":"[\"Monday\"]","class_days_online":"[\"Wednesday\"]","start_time_f2f":"08:00:00","end_time_f2f":"10:00:00","start_time_online":"08:00:00","end_time_online":"10:00:00","room":"203","class_limit":"25","created_at":"2024-03-21 23:14:52","updated_at":"2024-03-21 23:14:52"},
{"id":"36","sec_sub_id":"36","prof_id":"3","class_days_f2f":"[\"Monday\"]","class_days_online":"[\"Wednesday\"]","start_time_f2f":"11:00:00","end_time_f2f":"12:00:00","start_time_online":"11:00:00","end_time_online":"12:00:00","room":"205","class_limit":"25","created_at":"2024-03-21 23:16:00","updated_at":"2024-03-21 23:16:00"},
{"id":"37","sec_sub_id":"37","prof_id":"2","class_days_f2f":"[\"Monday\"]","class_days_online":"[\"Wednesday\"]","start_time_f2f":"14:00:00","end_time_f2f":"15:00:00","start_time_online":"14:00:00","end_time_online":"15:00:00","room":"303","class_limit":"25","created_at":"2024-03-21 23:16:51","updated_at":"2024-03-21 23:16:51"},
{"id":"38","sec_sub_id":"38","prof_id":"12","class_days_f2f":"[\"Tuesday\"]","class_days_online":"[\"Thursday\"]","start_time_f2f":"09:00:00","end_time_f2f":"10:00:00","start_time_online":"09:00:00","end_time_online":"10:00:00","room":"105","class_limit":"25","created_at":"2024-03-21 23:17:46","updated_at":"2024-03-21 23:17:46"}
]