[
{"section_id":"1","section_name":"Section 1","academic_year":"2023-2024","term":"2","created_at":"2024-03-21 13:45:02","updated_at":"2024-03-21 13:45:02","year_level":"1","program_id":null,"section_type_id":"1"},
{"section_id":"2","section_name":"Section 2","academic_year":"2023-2024","term":"2","created_at":"2024-03-21 13:45:02","updated_at":"2024-03-21 13:45:02","year_level":"1","program_id":null,"section_type_id":"1"},
{"section_id":"3","section_name":"Section 1","academic_year":"2023-2024","term":"2","created_at":"2024-03-21 13:45:02","updated_at":"2024-03-21 13:45:02","year_level":"2","program_id":null,"section_type_id":"1"},
{"section_id":"4","section_name":"Section 1","academic_year":"2023-2024","term":"2","created_at":"2024-03-21 13:45:02","updated_at":"2024-03-21 13:45:02","year_level":"3","program_id":null,"section_type_id":"1"},
{"section_id":"5","section_name":"Section 1","academic_year":"2023-2024","term":"2","created_at":"2024-03-21 13:45:02","updated_at":"2024-03-21 13:45:02","year_level":"4","program_id":null,"section_type_id":"1"},
{"section_id":"6","section_name":"Section 2","academic_year":"2023-2024","term":"2","created_at":"2024-03-21 13:45:02","updated_at":"2024-03-21 13:45:02","year_level":"2","program_id":null,"section_type_id":"1"},
{"section_id":"7","section_name":"Section 2","academic_year":"2023-2024","term":"2","created_at":"2024-03-21 13:45:02","updated_at":"2024-03-21 13:45:02","year_level":"4","program_id":null,"section_type_id":"1"},
{"section_id":"8","section_name":"Section 2","academic_year":"2023-2024","term":"2","created_at":"2024-03-21 13:45:02","updated_at":"2024-03-21 13:45:02","year_level":"3","program_id":null,"section_type_id":"1"},
{"section_id":"9","section_name":"Section 1","academic_year":"2023-2024","term":"2","created_at":"2024-03-21 13:45:02","updated_at":"2024-03-21 13:45:02","year_level":"1","program_id":null,"section_type_id":"2"},
{"section_id":"10","section_name":"Section 1","academic_year":"2023-2024","term":"2","created_at":"2024-03-21 13:45:02","updated_at":"2024-03-21 13:45:02","year_level":"4","program_id":null,"section_type_id":"2"},
{"section_id":"11","section_name":"Section A","academic_year":"2023-2024","term":"1","created_at":"2024-03-21 16:40:54","updated_at":"2024-03-21 16:40:54","year_level":"1","program_id":null,"section_type_id":"1"},
{"section_id":"12","section_name":"a","academic_year":"2023-2024","term":"3","created_at":"2024-03-21 22:03:52","updated_at":"2024-03-21 22:03:52","year_level":"1","program_id":null,"section_type_id":"1"},
{"section_id":"13","section_name":"Section a","academic_year":"2023-2024","term":"3","created_at":"2024-03-21 22:04:34","updated_at":"2024-03-21 22:04:34","year_level":"1","program_id":null,"section_type_id":"1"},
{"section_id":"14","section_name":"Section B","academic_year":"2024-2025","term":"1","created_at":"2024-03-21 22:24:57","updated_at":"2024-03-21 22:24:57","year_level":"2","program_id":null,"section_type_id":"1"},
{"section_id":"15","section_name":"Section 1","academic_year":"2024-2025","term":"2","created_at":"2024-03-21 22:48:23","updated_at":"2024-03-21 22:48:23","year_level":"2","program_id":null,"section_type_id":"1"},
{"section_id":"16","section_name":"Section a","academic_year":"2023-2024","term":"3","created_at":"2024-03-21 23:12:12","updated_at":"2024-03-21 23:12:12","year_level":"2","program_id":null,"section_type_id":"1"}
]