[
{"subject_id":"1","subject_code":"GE111","subject_name":"Understanding the Self","subject_description":"Understanding the Self","units_lec":"3","units_lab":"0","prerequisite_1":null,"prerequisite_2":null,"prerequisite_3":null,"created_at":"2024-03-20 17:30:04","updated_at":"2024-03-20 17:30:04","co_requisite":null},
{"subject_id":"2","subject_code":"GE112","subject_name":"Readings in Philippine History","subject_description":"Readings in Philippine History","units_lec":"3","units_lab":"0","prerequisite_1":null,"prerequisite_2":null,"prerequisite_3":null,"created_at":"2024-03-20 17:30:04","updated_at":"2024-03-20 17:30:04","co_requisite":null},
{"subject_id":"3","subject_code":"GE113","subject_name":"Ethics","subject_description":"Ethics","units_lec":"3","units_lab":"0","prerequisite_1":null,"prerequisite_2":null,"prerequisite_3":null,"created_at":"2024-03-20 17:30:04","updated_at":"2024-03-20 17:30:04","co_requisite":null},
{"subject_id":"4","subject_code":"NSTP1","subject_name":"NSTP 1","subject_description":"NSTP 1","units_lec":"3","units_lab":"0","prerequisite_1":null,"prerequisite_2":null,"prerequisite_3":null,"created_at":"2024-03-20 17:30:04","updated_at":"2024-03-20 22:53:16","co_requisite":null},
{"subject_id":"5","subject_code":"PE1","subject_name":"Physical Fitness","subject_description":"Physical Fitness","units_lec":"2","units_lab":"0","prerequisite_1":null,"prerequisite_2":null,"prerequisite_3":null,"created_at":"2024-03-20 17:30:04","updated_at":"2024-03-20 17:30:04","co_requisite":null},
{"subject_id":"6","subject_code":"ITE111","subject_name":"Introduction to Computing","subject_description":"Introduction to Computing","units_lec":"3","units_lab":"0","prerequisite_1":null,"prerequisite_2":null,"prerequisite_3":null,"created_at":"2024-03-20 17:30:04","updated_at":"2024-03-20 17:30:04","co_requisite":null},
{"subject_id":"7","subject_code":"CSP111","subject_name":"Discrete Structure 1","subject_description":"Discrete Structure 1","units_lec":"3","units_lab":"0","prerequisite_1":null,"prerequisite_2":null,"prerequisite_3":null,"created_at":"2024-03-20 17:30:04","updated_at":"2024-03-20 17:30:04","co_requisite":null},
{"subject_id":"8","subject_code":"GE124","subject_name":"The Contemporary World","subject_description":"The Contemporary World","units_lec":"3","units_lab":"0","prerequisite_1":null,"prerequisite_2":null,"prerequisite_3":null,"created_at":"2024-03-20 17:30:04","updated_at":"2024-03-20 17:30:04","co_requisite":null},
{"subject_id":"9","subject_code":"NSTP2","subject_name":"NSTP 2","subject_description":"NSTP 2","units_lec":"3","units_lab":"0","prerequisite_1":"4","prerequisite_2":null,"prerequisite_3":null,"created_at":"2024-03-20 17:30:04","updated_at":"2024-03-20 22:57:19","co_requisite":null},
{"subject_id":"10","subject_code":"PE2","subject_name":"Rythmic Activities","subject_description":"Rythmic Activities","units_lec":"2","units_lab":"0","prerequisite_1":"5","prerequisite_2":null,"prerequisite_3":null,"created_at":"2024-03-20 17:30:04","updated_at":"2024-03-20 22:54:06","co_requisite":null},
{"subject_id":"11","subject_code":"ITE122","subject_name":"Computer Programming 1 - PLF\/C","subject_description":"Computer Programming 1 - PLF\/C","units_lec":"3","units_lab":"1","prerequisite_1":"6","prerequisite_2":null,"prerequisite_3":null,"created_at":"2024-03-20 17:30:04","updated_at":"2024-03-20 22:54:45","co_requisite":null},
{"subject_id":"12","subject_code":"CSP122","subject_name":"Discrete Structure 2","subject_description":"Discrete Structure 2","units_lec":"3","units_lab":"0","prerequisite_1":"7","prerequisite_2":null,"prerequisite_3":null,"created_at":"2024-03-20 17:30:04","updated_at":"2024-03-21 00:16:14","co_requisite":null},
{"subject_id":"13","subject_code":"CSP123","subject_name":"Networks and Communication","subject_description":"Networks and Communication","units_lec":"3","units_lab":"0","prerequisite_1":"6","prerequisite_2":null,"prerequisite_3":null,"created_at":"2024-03-20 17:30:04","updated_at":"2024-03-21 00:16:31","co_requisite":null},
{"subject_id":"14","subject_code":"GE135","subject_name":"Purposive Communication","subject_description":"Purposive Communication","units_lec":"3","units_lab":"0","prerequisite_1":null,"prerequisite_2":null,"prerequisite_3":null,"created_at":"2024-03-20 17:30:04","updated_at":"2024-03-20 17:30:04","co_requisite":null},
{"subject_id":"15","subject_code":"PE3","subject_name":"Individual & Dual Sports","subject_description":"Individual & Dual Sports","units_lec":"2","units_lab":"0","prerequisite_1":"10","prerequisite_2":null,"prerequisite_3":null,"created_at":"2024-03-20 17:30:04","updated_at":"2024-03-20 22:56:54","co_requisite":null},
{"subject_id":"16","subject_code":"ILB131","subject_name":"Application Project 1 - Innovation","subject_description":"Application Project 1 - Innovation","units_lec":"2","units_lab":"1","prerequisite_1":null,"prerequisite_2":null,"prerequisite_3":null,"created_at":"2024-03-20 17:30:04","updated_at":"2024-03-20 23:01:32","co_requisite":"14"},
{"subject_id":"17","subject_code":"ITE133","subject_name":"Computer Programming 2 -  Java","subject_description":"Computer Programming 2 -  Java","units_lec":"3","units_lab":"1","prerequisite_1":"11","prerequisite_2":null,"prerequisite_3":null,"created_at":"2024-03-20 17:30:04","updated_at":"2024-03-20 22:57:56","co_requisite":null},
{"subject_id":"18","subject_code":"CSP134","subject_name":"Operating System","subject_description":"Operating System","units_lec":"3","units_lab":"0","prerequisite_1":"74","prerequisite_2":null,"prerequisite_3":null,"created_at":"2024-03-20 17:30:04","updated_at":"2024-03-21 00:17:59","co_requisite":null},
{"subject_id":"19","subject_code":"IT131","subject_name":"Cloud Computing","subject_description":"Cloud Computing","units_lec":"3","units_lab":"0","prerequisite_1":"6","prerequisite_2":null,"prerequisite_3":null,"created_at":"2024-03-20 17:30:04","updated_at":"2024-03-20 22:59:01","co_requisite":"17"},
{"subject_id":"20","subject_code":"GE211","subject_name":"Mathematics in the Modern World","subject_description":"Mathematics in the Modern World","units_lec":"3","units_lab":"0","prerequisite_1":null,"prerequisite_2":null,"prerequisite_3":null,"created_at":"2024-03-20 17:30:04","updated_at":"2024-03-20 17:30:04","co_requisite":null},
{"subject_id":"21","subject_code":"GE212","subject_name":"Komunikasyon sa Akademikong Filipino","subject_description":"Komunikasyon sa Akademikong Filipino","units_lec":"3","units_lab":"0","prerequisite_1":null,"prerequisite_2":null,"prerequisite_3":null,"created_at":"2024-03-20 17:30:04","updated_at":"2024-03-20 17:30:04","co_requisite":null},
{"subject_id":"22","subject_code":"PE4","subject_name":"Team Sports","subject_description":"Team Sports","units_lec":"2","units_lab":"0","prerequisite_1":"15","prerequisite_2":null,"prerequisite_3":null,"created_at":"2024-03-20 17:30:04","updated_at":"2024-03-20 23:05:31","co_requisite":null},
{"subject_id":"23","subject_code":"CSP211","subject_name":"Architecture and Organization","subject_description":"Architecture and Organization","units_lec":"3","units_lab":"0","prerequisite_1":"23","prerequisite_2":null,"prerequisite_3":null,"created_at":"2024-03-20 17:30:04","updated_at":"2024-03-21 00:19:52","co_requisite":null},
{"subject_id":"24","subject_code":"ITE211","subject_name":"Data Structures and Algorithms","subject_description":"Data Structures and Algorithms","units_lec":"3","units_lab":"1","prerequisite_1":"17","prerequisite_2":null,"prerequisite_3":null,"created_at":"2024-03-20 17:30:04","updated_at":"2024-03-20 23:05:54","co_requisite":null},
{"subject_id":"25","subject_code":"ITE212","subject_name":"Application Development and Emerging","subject_description":"Application Development and Emerging","units_lec":"3","units_lab":"0","prerequisite_1":"17","prerequisite_2":null,"prerequisite_3":null,"created_at":"2024-03-20 17:30:04","updated_at":"2024-03-20 23:06:33","co_requisite":null},
{"subject_id":"26","subject_code":"GE224","subject_name":"Science, Technology and Society","subject_description":"Science, Technology and Society","units_lec":"3","units_lab":"0","prerequisite_1":null,"prerequisite_2":null,"prerequisite_3":null,"created_at":"2024-03-20 17:30:04","updated_at":"2024-03-20 17:30:04","co_requisite":null},
{"subject_id":"27","subject_code":"GE225","subject_name":"Panitikan","subject_description":"Panitikan","units_lec":"3","units_lab":"0","prerequisite_1":"21","prerequisite_2":null,"prerequisite_3":null,"created_at":"2024-03-20 17:30:04","updated_at":"2024-03-20 23:25:24","co_requisite":null},
{"subject_id":"28","subject_code":"CSP222","subject_name":"Modelling and Simulation","subject_description":"Modelling and Simulation","units_lec":"3","units_lab":"0","prerequisite_1":"72","prerequisite_2":"20","prerequisite_3":null,"created_at":"2024-03-20 17:30:04","updated_at":"2024-03-21 00:21:11","co_requisite":null},
{"subject_id":"29","subject_code":"CSP223","subject_name":"Object Oriented Programming 1","subject_description":"Object Oriented Programming 1","units_lec":"3","units_lab":"1","prerequisite_1":"24","prerequisite_2":null,"prerequisite_3":null,"created_at":"2024-03-20 17:30:04","updated_at":"2024-03-21 00:21:36","co_requisite":"79"},
{"subject_id":"30","subject_code":"CSP224","subject_name":"Algorithms and Complexity","subject_description":"Algorithms and Complexity","units_lec":"3","units_lab":"0","prerequisite_1":"76","prerequisite_2":null,"prerequisite_3":null,"created_at":"2024-03-20 17:30:04","updated_at":"2024-03-21 00:22:02","co_requisite":null},
{"subject_id":"31","subject_code":"ITE223","subject_name":"Information Management","subject_description":"Information Management","units_lec":"3","units_lab":"0","prerequisite_1":"17","prerequisite_2":null,"prerequisite_3":null,"created_at":"2024-03-20 17:30:04","updated_at":"2024-03-20 23:31:28","co_requisite":"79"},
{"subject_id":"32","subject_code":"GE236","subject_name":"World Literature","subject_description":"World Literature","units_lec":"3","units_lab":"0","prerequisite_1":null,"prerequisite_2":null,"prerequisite_3":null,"created_at":"2024-03-20 17:30:04","updated_at":"2024-03-20 17:30:04","co_requisite":null},
{"subject_id":"33","subject_code":"CS232","subject_name":"Object Oriented Programming 2","subject_description":"Object Oriented Programming 2","units_lec":"3","units_lab":"1","prerequisite_1":"29","prerequisite_2":null,"prerequisite_3":null,"created_at":"2024-03-20 17:30:04","updated_at":"2024-03-21 00:24:18","co_requisite":null},
{"subject_id":"34","subject_code":"ILB231","subject_name":"Application Project 2-Open Sourcing Learning","subject_description":"Application Project 2-Open Sourcing Learning","units_lec":"2","units_lab":"1","prerequisite_1":"16","prerequisite_2":null,"prerequisite_3":null,"created_at":"2024-03-20 17:30:04","updated_at":"2024-03-20 23:39:09","co_requisite":null},
{"subject_id":"35","subject_code":"CSP236","subject_name":"Programming Languages","subject_description":"Programming Languages","units_lec":"3","units_lab":"0","prerequisite_1":"17","prerequisite_2":"29","prerequisite_3":null,"created_at":"2024-03-20 17:30:04","updated_at":"2024-03-21 00:24:46","co_requisite":null},
{"subject_id":"36","subject_code":"CSP235","subject_name":"Information Assurance Security","subject_description":"Information Assurance Security","units_lec":"3","units_lab":"0","prerequisite_1":"31","prerequisite_2":null,"prerequisite_3":null,"created_at":"2024-03-20 17:30:04","updated_at":"2024-03-21 00:25:03","co_requisite":null},
{"subject_id":"37","subject_code":"MA231","subject_name":"Statistics and Probability","subject_description":"Statistics and Probability","units_lec":"3","units_lab":"0","prerequisite_1":"28","prerequisite_2":null,"prerequisite_3":null,"created_at":"2024-03-20 17:30:04","updated_at":"2024-03-21 00:25:19","co_requisite":null},
{"subject_id":"38","subject_code":"CSP311","subject_name":"Automata Theory and Formal Language","subject_description":"Automata Theory and Formal Language","units_lec":"3","units_lab":"0","prerequisite_1":"35","prerequisite_2":null,"prerequisite_3":null,"created_at":"2024-03-20 17:30:04","updated_at":"2024-03-21 00:25:37","co_requisite":null},
{"subject_id":"39","subject_code":"CSP313","subject_name":"Software Engineering 1","subject_description":"Software Engineering 1","units_lec":"3","units_lab":"0","prerequisite_1":"35","prerequisite_2":null,"prerequisite_3":null,"created_at":"2024-03-20 17:30:04","updated_at":"2024-03-21 00:25:50","co_requisite":null},
{"subject_id":"40","subject_code":"CSP312","subject_name":"Social and Professional Issues","subject_description":"Social and Professional Issues","units_lec":"3","units_lab":"0","prerequisite_1":null,"prerequisite_2":null,"prerequisite_3":null,"created_at":"2024-03-20 17:30:04","updated_at":"2024-03-21 00:11:30","co_requisite":null},
{"subject_id":"41","subject_code":"CSP315A","subject_name":"Thesis A","subject_description":"Thesis A","units_lec":"3","units_lab":"0","prerequisite_1":"14","prerequisite_2":"34","prerequisite_3":null,"created_at":"2024-03-20 17:30:04","updated_at":"2024-03-21 00:29:13","co_requisite":"39"},
{"subject_id":"42","subject_code":"CS314","subject_name":"Human Computer Interaction","subject_description":"Human Computer Interaction","units_lec":"3","units_lab":"0","prerequisite_1":"6","prerequisite_2":null,"prerequisite_3":null,"created_at":"2024-03-20 17:30:04","updated_at":"2024-03-21 00:28:08","co_requisite":"39"},
{"subject_id":"43","subject_code":"CSELE1","subject_name":"CS ELECTIVE 1","subject_description":"CS ELECTIVE 1","units_lec":"2","units_lab":"1","prerequisite_1":"82","prerequisite_2":null,"prerequisite_3":null,"created_at":"2024-03-20 17:30:04","updated_at":"2024-03-21 00:27:26","co_requisite":"39"},
{"subject_id":"44","subject_code":"CS315","subject_name":"Compiler Design","subject_description":"Compiler Design","units_lec":"3","units_lab":"0","prerequisite_1":null,"prerequisite_2":null,"prerequisite_3":null,"created_at":"2024-03-20 17:30:04","updated_at":"2024-03-20 17:30:04","co_requisite":null},
{"subject_id":"45","subject_code":"GE321","subject_name":"Art Appreciation","subject_description":"Art Appreciation","units_lec":"3","units_lab":"0","prerequisite_1":"38","prerequisite_2":null,"prerequisite_3":null,"created_at":"2024-03-20 17:30:04","updated_at":"2024-03-21 00:29:32","co_requisite":null},
{"subject_id":"46","subject_code":"CS324","subject_name":"Software Engineering 2","subject_description":"Software Engineering 2","units_lec":"3","units_lab":"0","prerequisite_1":"39","prerequisite_2":null,"prerequisite_3":null,"created_at":"2024-03-20 17:30:04","updated_at":"2024-03-21 00:29:50","co_requisite":null},
{"subject_id":"47","subject_code":"CSP315B","subject_name":"Thesis B","subject_description":"Thesis B","units_lec":"3","units_lab":"0","prerequisite_1":"43","prerequisite_2":null,"prerequisite_3":null,"created_at":"2024-03-20 17:30:04","updated_at":"2024-03-21 00:30:10","co_requisite":null},
{"subject_id":"48","subject_code":"CSELE2","subject_name":"CS Elective 2","subject_description":"CS Elective 2","units_lec":"2","units_lab":"1","prerequisite_1":"43","prerequisite_2":null,"prerequisite_3":null,"created_at":"2024-03-20 17:30:04","updated_at":"2024-03-21 00:30:37","co_requisite":null},
{"subject_id":"49","subject_code":"GE331","subject_name":"Rizal's Life and Works","subject_description":"Rizal's Life and Works","units_lec":"3","units_lab":"0","prerequisite_1":null,"prerequisite_2":null,"prerequisite_3":null,"created_at":"2024-03-20 17:30:04","updated_at":"2024-03-20 17:30:04","co_requisite":null},
{"subject_id":"50","subject_code":"CSELE3","subject_name":"CS Elective 3","subject_description":"CS Elective 3","units_lec":"2","units_lab":"1","prerequisite_1":"48","prerequisite_2":null,"prerequisite_3":null,"created_at":"2024-03-20 17:30:04","updated_at":"2024-03-21 00:31:04","co_requisite":null},
{"subject_id":"51","subject_code":"OJT331A","subject_name":"On the Job Training A: Pre-Internship (100 hrs)","subject_description":"On the Job Training A: Pre-Internship (100 hrs)","units_lec":"1","units_lab":"0","prerequisite_1":null,"prerequisite_2":null,"prerequisite_3":null,"created_at":"2024-03-20 17:30:04","updated_at":"2024-03-20 17:30:04","co_requisite":null},
{"subject_id":"52","subject_code":"OJT331B","subject_name":"On the Job Training B: Internship (400hrs)","subject_description":"On the Job Training B: Internship (400hrs)","units_lec":"5","units_lab":"0","prerequisite_1":"51","prerequisite_2":null,"prerequisite_3":null,"created_at":"2024-03-20 17:30:04","updated_at":"2024-03-21 00:06:33","co_requisite":null},
{"subject_id":"53","subject_code":"CSELE1-M","subject_name":"Pheumatics ","subject_description":"Pheumatics ","units_lec":"2","units_lab":"1","prerequisite_1":null,"prerequisite_2":null,"prerequisite_3":null,"created_at":"2024-03-20 17:30:04","updated_at":"2024-03-20 17:30:04","co_requisite":null},
{"subject_id":"54","subject_code":"CSELEC2-M","subject_name":"Electro Pheumatics","subject_description":"Electro Pheumatics","units_lec":"2","units_lab":"1","prerequisite_1":null,"prerequisite_2":null,"prerequisite_3":null,"created_at":"2024-03-20 17:30:04","updated_at":"2024-03-20 17:30:04","co_requisite":null},
{"subject_id":"55","subject_code":"CSELE3-M","subject_name":"Hydraulics","subject_description":"Hydraulics","units_lec":"2","units_lab":"1","prerequisite_1":null,"prerequisite_2":null,"prerequisite_3":null,"created_at":"2024-03-20 17:30:04","updated_at":"2024-03-20 17:30:04","co_requisite":null},
{"subject_id":"56","subject_code":"CSELE1-DS","subject_name":"Introduction to Intelligent Systems and Concepts","subject_description":"Introduction to Intelligent Systems and Concepts","units_lec":"2","units_lab":"1","prerequisite_1":null,"prerequisite_2":null,"prerequisite_3":null,"created_at":"2024-03-20 17:30:04","updated_at":"2024-03-20 17:30:04","co_requisite":null},
{"subject_id":"57","subject_code":"CSELE2-DS","subject_name":"Principles of Machine Learning and Data Mining","subject_description":"Principles of Machine Learning and Data Mining","units_lec":"2","units_lab":"1","prerequisite_1":null,"prerequisite_2":null,"prerequisite_3":null,"created_at":"2024-03-20 17:30:04","updated_at":"2024-03-20 17:30:04","co_requisite":null},
{"subject_id":"58","subject_code":"CSELE3-DS","subject_name":"Natural Language Processing","subject_description":"Natural Language Processing","units_lec":"2","units_lab":"1","prerequisite_1":null,"prerequisite_2":null,"prerequisite_3":null,"created_at":"2024-03-20 17:30:04","updated_at":"2024-03-20 17:30:04","co_requisite":null},
{"subject_id":"59","subject_code":"CSLE1-10T","subject_name":"Logic Circuits 2 (Physics , Basic Electronics)","subject_description":"Logic Circuits 2 (Physics , Basic Electronics)","units_lec":"2","units_lab":"1","prerequisite_1":null,"prerequisite_2":null,"prerequisite_3":null,"created_at":"2024-03-20 17:30:04","updated_at":"2024-03-20 17:30:04","co_requisite":null},
{"subject_id":"60","subject_code":"CSELE2-10T","subject_name":"Embedded System (Arduino)","subject_description":"Embedded System (Arduino)","units_lec":"2","units_lab":"1","prerequisite_1":null,"prerequisite_2":null,"prerequisite_3":null,"created_at":"2024-03-20 17:30:04","updated_at":"2024-03-20 17:30:04","co_requisite":null},
{"subject_id":"61","subject_code":"CSELE3-10T","subject_name":"System on Chip (Raspberry PI,Banana PI)","subject_description":"System on Chip (Raspberry PI,Banana PI)","units_lec":"2","units_lab":"1","prerequisite_1":null,"prerequisite_2":null,"prerequisite_3":null,"created_at":"2024-03-20 17:30:04","updated_at":"2024-03-20 17:30:04","co_requisite":null},
{"subject_id":"62","subject_code":"BA111","subject_name":"Marketing management","subject_description":"Marketing management","units_lec":"3","units_lab":"0","prerequisite_1":null,"prerequisite_2":null,"prerequisite_3":null,"created_at":"2024-03-20 17:30:04","updated_at":"2024-03-20 17:30:04","co_requisite":null},
{"subject_id":"63","subject_code":"BA112","subject_name":"Fundamentals of Accounting","subject_description":"Fundamentals of Accounting","units_lec":"3","units_lab":"0","prerequisite_1":null,"prerequisite_2":null,"prerequisite_3":null,"created_at":"2024-03-20 17:30:04","updated_at":"2024-03-20 17:30:04","co_requisite":null},
{"subject_id":"64","subject_code":"BA211","subject_name":"Strategic Management","subject_description":"Strategic Management","units_lec":"3","units_lab":"0","prerequisite_1":null,"prerequisite_2":null,"prerequisite_3":null,"created_at":"2024-03-20 17:30:04","updated_at":"2024-03-20 17:30:04","co_requisite":null},
{"subject_id":"65","subject_code":"ILB212","subject_name":"Application Project 2 - Concept Paper","subject_description":"Application Project 2 - Concept Paper","units_lec":"2","units_lab":"1","prerequisite_1":null,"prerequisite_2":null,"prerequisite_3":null,"created_at":"2024-03-20 17:30:04","updated_at":"2024-03-20 17:30:04","co_requisite":null},
{"subject_id":"66","subject_code":"BA212","subject_name":"Good Governance & Social Responsibility","subject_description":"Good Governance & Social Responsibility","units_lec":"3","units_lab":"0","prerequisite_1":null,"prerequisite_2":null,"prerequisite_3":null,"created_at":"2024-03-20 17:30:04","updated_at":"2024-03-20 17:30:04","co_requisite":null},
{"subject_id":"67","subject_code":"BA311","subject_name":"Business Analytics","subject_description":"Business Analytics","units_lec":"3","units_lab":"3","prerequisite_1":null,"prerequisite_2":null,"prerequisite_3":null,"created_at":"2024-03-20 17:30:04","updated_at":"2024-03-20 17:30:04","co_requisite":null},
{"subject_id":"68","subject_code":"BA312","subject_name":"Advertising with IMC","subject_description":"Advertising with IMC","units_lec":"3","units_lab":"0","prerequisite_1":null,"prerequisite_2":null,"prerequisite_3":null,"created_at":"2024-03-20 17:30:04","updated_at":"2024-03-20 17:30:04","co_requisite":null},
{"subject_id":"69","subject_code":"BAST2","subject_name":"Intro to Web Development","subject_description":"Intro to Web Development","units_lec":"2","units_lab":"1","prerequisite_1":null,"prerequisite_2":null,"prerequisite_3":null,"created_at":"2024-03-20 17:30:04","updated_at":"2024-03-20 17:30:04","co_requisite":null},
{"subject_id":"70","subject_code":"BAST1","subject_name":"Multimedia","subject_description":"Multimedia","units_lec":"2","units_lab":"1","prerequisite_1":null,"prerequisite_2":null,"prerequisite_3":null,"created_at":"2024-03-20 17:30:04","updated_at":"2024-03-20 17:30:04","co_requisite":null},
{"subject_id":"71","subject_code":"BA313","subject_name":"Feasibility Study","subject_description":"Feasibility Study","units_lec":"3","units_lab":"1","prerequisite_1":null,"prerequisite_2":null,"prerequisite_3":null,"created_at":"2024-03-20 17:30:04","updated_at":"2024-03-20 17:30:04","co_requisite":null},
{"subject_id":"72","subject_code":"ITP111","subject_name":"Discrete Mathematics","subject_description":null,"units_lec":"3","units_lab":"0","prerequisite_1":null,"prerequisite_2":null,"prerequisite_3":null,"created_at":"2024-03-20 22:43:48","updated_at":"2024-03-20 22:43:48","co_requisite":null},
{"subject_id":"73","subject_code":"ITP122","subject_name":"Multimedia Technology","subject_description":null,"units_lec":"3","units_lab":"1","prerequisite_1":null,"prerequisite_2":null,"prerequisite_3":null,"created_at":"2024-03-20 22:46:48","updated_at":"2024-03-20 22:46:48","co_requisite":null},
{"subject_id":"74","subject_code":"ITP123","subject_name":"Networking 1","subject_description":null,"units_lec":"3","units_lab":"0","prerequisite_1":"6","prerequisite_2":null,"prerequisite_3":null,"created_at":"2024-03-20 22:47:34","updated_at":"2024-03-20 22:55:56","co_requisite":null},
{"subject_id":"75","subject_code":"ITP134","subject_name":"Networking 2","subject_description":null,"units_lec":"2","units_lab":"1","prerequisite_1":"74","prerequisite_2":null,"prerequisite_3":null,"created_at":"2024-03-20 22:51:54","updated_at":"2024-03-20 22:58:29","co_requisite":null},
{"subject_id":"76","subject_code":"ITP211","subject_name":"Fundamentals of DBMS","subject_description":null,"units_lec":"3","units_lab":"1","prerequisite_1":"17","prerequisite_2":null,"prerequisite_3":null,"created_at":"2024-03-20 23:05:04","updated_at":"2024-03-20 23:05:04","co_requisite":null},
{"subject_id":"77","subject_code":"ITP222","subject_name":"Quantitative Methods","subject_description":null,"units_lec":"3","units_lab":"0","prerequisite_1":"72","prerequisite_2":"20","prerequisite_3":null,"created_at":"2024-03-20 23:23:12","updated_at":"2024-03-20 23:24:12","co_requisite":null},
{"subject_id":"78","subject_code":"ITP223","subject_name":"Integrative Programming and Technologies 1","subject_description":"Integrative Programming and Technologies 1","units_lec":"3","units_lab":"0","prerequisite_1":"24","prerequisite_2":null,"prerequisite_3":null,"created_at":"2024-03-20 23:25:59","updated_at":"2024-03-20 23:28:23","co_requisite":"79"},
{"subject_id":"79","subject_code":"ITP224","subject_name":"System Administration and Maintenance (RDBMS)","subject_description":"System Administration and Maintenance (RDBMS)","units_lec":"2","units_lab":"1","prerequisite_1":"76","prerequisite_2":null,"prerequisite_3":null,"created_at":"2024-03-20 23:26:25","updated_at":"2024-03-20 23:26:43","co_requisite":null},
{"subject_id":"80","subject_code":"ITP235","subject_name":"Information Assurance and Security 1","subject_description":"Information Assurance and Security 1","units_lec":"3","units_lab":"0","prerequisite_1":"31","prerequisite_2":null,"prerequisite_3":null,"created_at":"2024-03-20 23:36:53","updated_at":"2024-03-20 23:36:53","co_requisite":null},
{"subject_id":"81","subject_code":"ITP236","subject_name":"Systems Analysis and Design","subject_description":"Systems Analysis and Design","units_lec":"4","units_lab":"0","prerequisite_1":"78","prerequisite_2":"79","prerequisite_3":null,"created_at":"2024-03-20 23:37:41","updated_at":"2024-03-20 23:37:41","co_requisite":null},
{"subject_id":"82","subject_code":"ITELE1","subject_name":"IT Elective 1: Network Administration","subject_description":"IT Elective 1: Network Administration","units_lec":"2","units_lab":"1","prerequisite_1":null,"prerequisite_2":null,"prerequisite_3":null,"created_at":"2024-03-20 23:38:05","updated_at":"2024-03-20 23:38:05","co_requisite":null},
{"subject_id":"83","subject_code":"IT313","subject_name":"Software Engineering","subject_description":"Software Engineering","units_lec":"3","units_lab":"0","prerequisite_1":"81","prerequisite_2":null,"prerequisite_3":null,"created_at":"2024-03-20 23:40:14","updated_at":"2024-03-20 23:40:14","co_requisite":null},
{"subject_id":"84","subject_code":"ITP311","subject_name":"Information Assurance and Security 2","subject_description":"Information Assurance and Security 2","units_lec":"3","units_lab":"0","prerequisite_1":"80","prerequisite_2":null,"prerequisite_3":null,"created_at":"2024-03-20 23:40:40","updated_at":"2024-03-20 23:40:40","co_requisite":null},
{"subject_id":"85","subject_code":"CAP3A","subject_name":"Capstone Project 1","subject_description":"Capstone Project 1","units_lec":"3","units_lab":"0","prerequisite_1":"14","prerequisite_2":"81","prerequisite_3":null,"created_at":"2024-03-20 23:43:07","updated_at":"2024-03-21 00:09:14","co_requisite":null},
{"subject_id":"86","subject_code":"ITP135","subject_name":"Introduction to Human Computer Interaction","subject_description":"Introduction to Human-Computer Interaction","units_lec":"3","units_lab":"0","prerequisite_1":"6","prerequisite_2":null,"prerequisite_3":null,"created_at":"2024-03-20 23:45:00","updated_at":"2024-03-20 23:45:00","co_requisite":"83"},
{"subject_id":"87","subject_code":"ITELE2","subject_name":"IT Elective 2: Server Administration","subject_description":"IT Elective 2: Server Administration","units_lec":"2","units_lab":"1","prerequisite_1":"82","prerequisite_2":null,"prerequisite_3":null,"created_at":"2024-03-20 23:45:35","updated_at":"2024-03-20 23:45:35","co_requisite":null},
{"subject_id":"88","subject_code":"ITP323","subject_name":"System Integration and Architecture 1","subject_description":"System Integration and Architecture 1","units_lec":"3","units_lab":"0","prerequisite_1":null,"prerequisite_2":null,"prerequisite_3":null,"created_at":"2024-03-20 23:46:42","updated_at":"2024-03-20 23:48:03","co_requisite":"89"},
{"subject_id":"89","subject_code":"CAP3B","subject_name":"Capstone Project 2","subject_description":"Capstone Project 2","units_lec":"3","units_lab":"0","prerequisite_1":"85","prerequisite_2":null,"prerequisite_3":null,"created_at":"2024-03-20 23:47:13","updated_at":"2024-03-20 23:47:13","co_requisite":null},
{"subject_id":"90","subject_code":"ITELE3","subject_name":"IT Elective 3: Security Administration","subject_description":"IT Elective 3: Security Administration","units_lec":"2","units_lab":"1","prerequisite_1":"87","prerequisite_2":null,"prerequisite_3":null,"created_at":"2024-03-20 23:47:42","updated_at":"2024-03-20 23:47:42","co_requisite":null},
{"subject_id":"91","subject_code":"ITELE4","subject_name":"IT Elective 4","subject_description":"IT Elective 4","units_lec":"2","units_lab":"1","prerequisite_1":"90","prerequisite_2":null,"prerequisite_3":null,"created_at":"2024-03-20 23:48:58","updated_at":"2024-03-21 00:07:06","co_requisite":null},
{"subject_id":"92","subject_code":"GE223","subject_name":"Rizal's Life and Works","subject_description":"Rizal's Life and Works","units_lec":"3","units_lab":"0","prerequisite_1":null,"prerequisite_2":null,"prerequisite_3":null,"created_at":"2024-03-21 00:07:32","updated_at":"2024-03-21 00:07:32","co_requisite":null},
{"subject_id":"93","subject_code":"ITP312","subject_name":"Social and Professional Issues","subject_description":"Social And Professional Issues","units_lec":"3","units_lab":"0","prerequisite_1":null,"prerequisite_2":null,"prerequisite_3":null,"created_at":"2024-03-21 00:11:55","updated_at":"2024-03-21 00:11:55","co_requisite":null}
]